Customer ID,Customer Name,Address,Postal Code,Phone
1234,Lewis Hughes,49458 Glenwood Avenue,71101,504-870-1437
1235,Ali Gomez,11591 River Road,70433,337-400-1567
1236,Mila Beck,48087 Jackson Street,30303,404-573-7088
1237,Ryleigh Juarez,46798 Hillcrest Avenue,29201,252-325-9603
1238,Leonidas Preston,65693 Mulberry Street,30002,404-383-9724
1239,Hayden Jacobs,97967 Willow Avenue,29401,803-792-7765
1240,Brooke Knox,83292 Oakwood Avenue,29601,803-751-7655
1241,Diana Rice,76154 Valley View Drive,29910,843-300-9863
1242,Rosalie Valencia,58506 Chestnut Street,35005,251-513-6807
1243,Andre Pierce,16622 Ridge Road,29910,854-366-4240
1244,Walter Olson,27679 Vineyard Drive,28202,704-224-1745
1245,Nayeli Malone,18611 Country Club Road,28801,252-167-1010
1246,Thea Holt,66565 Sunset Drive,30303,762-165-5617
1247,Devin Briggs,34238 Central Avenue,36602,938-502-6412
1248,Destiny Woodard,24352 Country Club Road,71101,337-892-3659
1249,Rylee Fuentes,29307 Lakeview Drive,71101,504-115-3308
1250,Luka Shaffer,65141 High Street,36104,334-293-6399
1251,Colt Berry,65962 Railroad Avenue,36602,334-902-6908
1252,Madelynn Klein,2645 Pinecrest Drive,70112,337-463-3000
1253,Edward Landry,6247 Willow Street,28801,252-895-5007
1254,Cash Weaver,5088 Spruce Street,35203,256-407-8636
1255,Ronin Solomon,17929 Elmwood Drive,29201,704-627-6050
1256,Frank Benjamin,36792 Smith Street,70802,225-717-2529
1257,Olive Herrera,82263 Chestnut Avenue,71101,337-845-7891
1258,Noa Bryan,90817 College Avenue,29201,704-352-8652
1259,Collin Cook,26670 School Street,29601,803-706-7526
1260,Kane Thompson,33379 Country Club Road,70112,504-935-9179
1261,James Kane,77662 West Street,35203,305-528-6038
1262,Sawyer Arias,92850 Broad Street,35203,386-385-4334
1263,Isabelle Vincent,46177 Railroad Avenue,29601,854-871-5836
1264,Raya Quintana,93700 Elm Street,36104,256-640-7511
1265,Kaiden Anderson,91946 Elm Street,35203,407-491-4268
1266,Shiloh Chan,86256 Highland Avenue,27514,252-445-8938
1267,Layla Foster,14083 Second Street,31401,470-368-9598
1268,Sarai Giles,58379 Spring Street,29910,803-825-5390
1269,Kason Morris,59738 Elmwood Drive,29910,864-394-6124
1270,Aspen Avery,98076 Pinecrest Drive,29201,704-961-9548
1271,Cade Fitzgerald,92945 Washington Street,27514,704-692-1773
1272,Collins Sharp,30702 Main Street,30303,770-983-6849
1273,Jayce Richmond,83078 Laurel Street,29910,854-193-2426
1274,Josiah Hinton,94582 Highland Avenue,31901,478-878-3125
1275,Helen Morales,40276 Holly Street,34221,386-871-7450
1276,Alani Mccormick,29196 Fourth Street,70802,504-827-8657
1277,Francis Winters,72306 Division Street,29601,854-494-3191
1278,Wyatt Ochoa,36731 Pennsylvania Avenue,28801,336-862-9245
1279,Leah Rollins,54591 Pine Street,29401,843-274-3275
1280,Kane Buck,97703 Holly Street,33701,754-799-5833
1281,Madilyn Blevins,20935 Central Avenue,35005,938-613-8539
1282,Jared Parsons,61256 Sixth Street,35203,305-894-1491
1283,Jackson Flores,68780 Madison Avenue,33701,407-688-1885
1284,Abigail Collier,21123 Sunset Boulevard,29020,843-149-3897
1285,Greyson Harvey,69637 Park Place,34221,407-427-9592
1286,Luca Hunter,46773 Fairview Avenue,29601,864-873-9566
1287,Mariana Morris,78572 Spring Street,36104,938-333-1465
1288,Eliza Mcdaniel,77361 Pleasant Street,36602,938-968-8578
1289,Molly Atkins,18348 Elmwood Lane,29910,864-360-3309
1290,Arielle Maldonado,11547 Elmwood Avenue,30002,770-992-9085
1291,Demi Trevino,84842 School Street,36602,256-695-4589
1292,Mckenna Collier,85951 State Street,30303,762-429-3050
1293,Adalynn Baldwin,49039 Madison Avenue,34994,561-619-6756
1294,Preston Silva,69386 Forest Avenue,70112,225-142-7647
1295,Bailey Watts,1638 Jefferson Street,36104,256-115-8990
1296,Bentley Russell,12662 Jefferson Street,36104,251-455-8883
1297,Lillian Harrington,99805 Willow Avenue,30303,706-596-8375
1298,Kayden Fleming,44128 Rose Street,30303,229-421-4345
1299,Manuel Hayden,28953 Spring Street,29201,336-332-1148
1300,Hattie Nicholson,77428 Lake Shore Drive,31401,706-191-7719
1301,Legacy Guerra,78563 Sunset Drive,29601,843-538-5910
1302,Brantley Correa,90849 Valley Road,70112,225-423-7010
1303,Rosie Carey,67550 Pinecrest Drive,28801,704-267-9952
1304,Heaven Morales,13470 Sunset Avenue,35203,334-969-5546
1305,Chance Carroll,28468 Fourth Street,29401,803-934-1834
1306,Parker Bautista,77273 Broad Street,29401,843-485-2746
1307,Kamari Fox,28021 Church Street,36602,205-197-8253
1308,Emerson Wong,15378 Vine Street,33701,754-152-9144
1309,Tatum Rubio,86906 Madison Street,35203,561-615-2237
1310,Sarai Sanchez,40389 Cherry Street,31908,762-332-5145
1311,Gunner Dean,64350 Holly Street,36602,251-702-5287
1312,Willa Pham,17559 Ridge Road,27514,252-345-9019
1313,Cooper Mata,27110 Railroad Avenue,39828,706-211-2458
1314,Jude Mason,49236 Elmwood Lane,33701,754-705-2884
1315,Ari Woodard,40539 Laurel Street,28202,704-221-4952
1316,Alessandra Watson,99747 Vineyard Drive,28801,704-319-3146
1317,Callen Coleman,44753 Glenwood Avenue,70433,337-344-3026
1318,Aria Clay,47940 Broad Street,36602,251-347-4163
1319,Nina Truong,32216 Colonial Drive,35203,256-114-3476
1320,Freya Saunders,81388 Holly Street,70802,337-841-1244
1321,Amir Ballard,25070 Division Street,28202,252-661-6167
1322,Harvey Weber,15738 Main Street,33160,321-364-3389
1323,Joaquin Delarosa,33647 Willow Avenue,70802,337-905-5863
1324,Adaline Gallagher,44385 Willow Avenue,29910,864-621-2842
1325,Legacy Rosales,4193 Harrison Street,29201,704-937-5130
1326,Denver Luna,13476 Second Street,35203,334-210-5989
1327,Emanuel Jaramillo,63410 Washington Street,35005,251-765-8295
1328,Hugo Crawford,33323 Fifth Street,29020,843-339-6954
1329,Margaret Austin,10432 Pennsylvania Avenue,35005,334-584-4401
1330,Raphael Weiss,61346 Sunset Boulevard,70112,504-294-9183
1331,Myles Cardenas,1700 Holly Street,29020,854-170-4209
1332,Alexis Cruz,75569 Oakwood Avenue,27514,336-871-8482
1333,Ellis Mcbride,72500 Lincoln Street,27514,704-614-4811
1334,Zuri Singh,81750 Willow Street,36602,251-801-1620
1335,Annie Winters,84221 Central Avenue,29201,336-759-3682
1336,Dakota Garcia,48298 Ash Street,28801,252-970-3343
1337,Luke Mcbride,41975 Oak Street,31401,470-430-7312
1338,Jasiah Frye,45313 Lakeview Avenue,31401,770-915-3336
1339,Selah Xiong,94205 Chestnut Lane,28801,704-858-8075
1340,Amira Pearson,98061 Valley Road,28202,336-460-2851
1341,Rylee Castaneda,99324 Liberty Street,29910,854-879-7898
1342,Adelina Jarvis,45870 Chestnut Street,31401,404-576-2929
1343,Adelynn Fields,14314 Valley View Drive,70112,318-568-1897
1344,Miguel Keller,2146 Lincoln Street,70802,318-337-7456
1345,Clara Rosales,31823 Valley View Drive,29401,864-146-4544
1346,Ronin Ali,81411 Terrace Avenue,28202,252-857-6234
1347,Joshua Bartlett,95885 Oakwood Avenue,70802,318-515-5480
1348,Kate Gallagher,78172 Windsor Avenue,70112,318-486-2375
1349,Daphne Flynn,46843 Hillcrest Avenue,71101,504-471-2277
1350,Elise Maldonado,27790 Lakeview Avenue,35203,256-982-5039
1351,Charles Townsend,41021 Maple Street,31908,706-978-4856
1352,Rory Pollard,63972 Third Street,32003,407-334-8753
1353,Zion Clark,76614 Sunset Drive,70112,504-837-6216
1354,Joaquin Randolph,2262 Vine Street,29910,803-532-4843
1355,Edgar Guerra,22080 Highland Drive,30002,404-607-5773
1356,Ace Johnston,20937 Elmwood Drive,30303,478-432-9796
1357,Amy Kemp,16319 Highland Drive,36602,256-386-3628
1358,Avianna Berger,92413 Glenwood Avenue,32003,754-913-3408
1359,Bryce Hogan,69810 Fourth Street,29910,843-285-5632
1360,Princeton Castaneda,11885 Elmwood Lane,35005,205-658-9642
1361,Isabella Griffin,8113 Elmwood Avenue,29601,864-671-5682
1362,Charlie Costa,71221 Central Avenue,29201,704-615-8587
1363,Aliyah Schmitt,1111 Hamilton Street,29020,803-268-2931
1364,Raven Holloway,99269 Chestnut Lane,28202,336-550-7982
1365,Malik Kirby,56871 Lakeview Drive,28202,704-809-1091
1366,Kylo Schwartz,51652 Essex Street,31401,470-500-9965
1367,Jeremy Salazar,23363 Pinecrest Drive,28202,336-776-4613
1368,Oscar Bartlett,9539 Liberty Street,29910,803-813-6691
1369,Harvey Montgomery,74916 Broadway,29601,803-494-1354
1370,Kai Vo,96097 School Street,70802,337-215-1993
1371,Nico Velazquez,74463 Elmwood Drive,71101,318-239-2742
1372,Lucy Vasquez,47545 Elm Street,70433,225-596-2271
1373,Charli Shepherd,81712 Main Street,29601,803-980-5972
1374,Evie Meyer,69525 Spruce Street,29201,336-483-2616
1375,Brooke Powell,61314 Elmwood Avenue,27514,252-307-7150
1376,Erick Walton,28466 Valley View Drive,70433,504-246-5040
1377,Emery Guzman,58062 Center Street,34221,754-636-8780
1378,Annabelle Rose,9587 Walnut Avenue,29601,864-778-3052
1379,Spencer Schmidt,40522 Lakeview Drive,36602,334-553-7959
1380,Callie Walter,69181 Lake Street,35005,938-978-7898
1381,Cecilia Chavez,38050 Highland Avenue,35203,205-873-8703
1382,Finley Blackwell,35620 Sixth Street,70802,504-772-7986
1383,Faith Johnston,33826 College Avenue,28801,252-321-3512
1384,Mary Solis,8634 Grant Street,70112,337-911-9878
1385,Abel Jacobs,69477 Meadow Lane,29601,854-298-5958
1386,Lewis Acevedo,43583 Pine Street,33701,561-900-6004
1387,Annalise Keller,25752 Forest Avenue,70802,318-605-1136
1388,London Cohen,28698 River Road,28202,704-870-6220
1389,Myla Espinosa,35495 Lakeview Avenue,29020,864-158-1152
1390,Dakota Watts,22558 Main Street,34994,727-732-5434
1391,Bodie Thornton,43904 Elm Avenue,70433,225-429-2694
1392,Abigail Hunter,21614 Chestnut Lane,71101,225-878-3673
1393,Delilah Ross,34687 Park Street,36104,334-997-6666
1394,Serena Mckay,23913 Park Street,35203,561-778-3179
1395,Asher Rubio,68071 Oak Street,71101,337-723-5323
1396,Shiloh Galindo,80996 Park Avenue,27514,336-539-8428
1397,Veronica Aguilar,91293 Spring Street,70112,225-269-9855
1398,Selah Mahoney,42964 Smith Street,35203,205-193-2529
1399,Jayden Reed,40685 Cherry Lane,29201,704-463-5025
1400,Jordan Carpenter,53321 Sunset Drive,35203,938-776-1366
1401,Jace Stokes,23171 Elm Street,35005,334-451-9689
1402,Ari Barrera,20949 River Road,36104,256-634-8186
1403,Michelle Pitts,60684 Walnut Street,27514,252-831-3847
1404,Brantley Christian,74009 Walnut Street,29201,704-761-6415
1405,Saylor Mccall,61606 Broadway,35005,251-150-8132
1406,Samantha Martinez,18174 Hamilton Street,32003,305-589-6539
1407,Willa Acosta,61222 River Road,34994,407-828-7268
1408,Camilla Jaramillo,11217 Willow Avenue,31401,470-268-9113
1409,Devin Rivers,69467 Ash Street,34221,727-237-8862
1410,Melissa Hoffman,71226 Fourth Street,36602,938-569-9607
1411,Mabel Horn,19627 Railroad Avenue,28801,252-712-9419
1412,Daniela Schmitt,21306 Jackson Street,28202,704-156-6076
1413,Dax Bradshaw,67143 Ridge Road,70802,337-161-8135
1414,Aitana Boone,10415 Pinecrest Drive,31901,770-251-3007
1415,Patrick Roy,30173 Elm Street,71101,225-212-6224
1416,Calvin Mccarthy,42989 Park Street,35203,561-501-6834
1417,Lyra Everett,77971 Spring Street,35203,938-570-3964
1418,Zayn Alvarado,12790 Oakwood Avenue,29201,704-946-9515
1419,Xander Lynch,9819 Country Club Road,70433,504-203-6033
1420,Declan Escobar,34740 Highland Avenue,33701,321-959-7129
1421,Zara Fisher,77635 Main Street,29910,864-215-9371
1422,Lyra Gould,7972 Cherry Lane,35005,334-980-4230
1423,Addison Contreras,36139 North Street,34221,321-637-1625
1424,Charles Burke,13874 Willow Avenue,30303,229-936-3366
1425,Maximus Owens,49133 Smith Street,29910,864-588-6242
1426,Sadie Foster,93620 Court Street,70433,225-806-4595
1427,Sloane Carpenter,48866 College Avenue,29201,704-789-3017
1428,Heidi Reyna,74404 Rose Street,33701,305-366-3197
1429,Hallie Weaver,8622 Sunset Boulevard,29401,864-793-6596
1430,Jason Jensen,37100 Highland Drive,35203,407-628-5163
1431,Elaina Ayala,80307 College Avenue,34994,727-741-2410
1432,Genevieve Walton,62233 Valley View Drive,71101,504-600-9043
1433,Mathias Kirk,4535 Rose Street,30002,678-334-6067
1434,Isabelle Terrell,69697 Broadway,27514,704-166-8110
1435,Kobe Norris,92079 Glenwood Avenue,33160,407-656-9924
1436,Avianna Huerta,93670 Forest Avenue,28801,336-455-8999
1437,Raymond Hail,83303 Smith Street,28202,704-486-3490
1438,Melanie Bauer,19079 Sunset Avenue,35203,938-422-2143
1439,Jordan English,95910 Sunset Boulevard,35005,251-623-9054
1440,Dakota Allen,71926 Forest Avenue,35005,334-396-2542
1441,Victor Benson,75024 Lakeview Drive,29020,854-900-8198
1442,Gabriel Blankenship,75562 School Street,29910,854-724-1788
1443,Julia Cunningham,49249 Harrison Street,29401,864-622-4902
1444,Callen Cantu,11793 Colonial Drive,36104,205-726-1026
1445,Nylah Stewart,17840 Fifth Street,29020,803-481-3507
1446,Paul Rich,63003 Glenwood Avenue,70112,225-554-4336
1447,Marco Monroe,4043 Ridge Road,36602,256-473-6334
1448,Diego Cherry,76103 Jackson Street,31908,478-319-1016
1449,Ailani Mitchell,97967 Pennsylvania Avenue,35203,561-641-2896
1450,Amira Dunlap,83529 Vine Street,36602,251-720-8281
1451,Alaina Thornton,82514 Willow Avenue,32003,407-851-5568
1452,King Baker,74083 Center Street,29910,843-221-5511
1453,Dante Sierra,34004 Madison Avenue,70802,318-571-2235
1454,Kashton Griffith,4981 Hamilton Street,28801,252-341-2464
1455,Madison James,98202 Court Street,70802,318-132-6386
1456,Lewis Miles,6822 Grove Street,35203,727-181-3148
1457,Karter Booth,42220 Lake Shore Drive,29601,864-916-1956
1458,Fernando Jordan,39034 Jefferson Street,29401,854-652-6913
1459,Marley Baker,92442 Terrace Avenue,34994,561-724-3348
1460,Lukas Sanders,74446 Smith Street,29020,864-971-4850
1461,River Orozco,99953 Magnolia Avenue,31908,404-616-9690
1462,Mackenzie Nuñez,22017 Ridge Street,28202,704-380-6179
1463,Stevie Dixon,50328 Center Street,29020,864-163-7343
1464,Rosemary Spencer,45126 Laurel Street,70433,225-371-1402
1465,Zayn Ellison,97359 Vine Street,35203,334-265-4681
1466,Kobe Santiago,20632 Washington Street,71101,504-474-4213
1467,Cataleya Bean,12341 Holly Street,29020,843-257-7659
1468,Collin Blevins,74506 Orchard Avenue,28801,336-656-5966
1469,Daisy Jordan,27391 Rose Street,36104,334-331-5477
1470,Grady Burton,63686 Center Street,31908,706-437-3474
1471,Thomas Jacobs,63371 School Street,27514,704-387-8139
1472,Natalia Garza,21654 Madison Avenue,29601,843-768-4141
1473,Celine Newman,53305 Cedar Street,30002,404-432-2655
1474,Alex Robbins,74773 Oak Street,28801,704-458-6503
1475,Meadow Sexton,50917 Mulberry Street,29020,843-390-9952
1476,Lucille Ponce,96857 Fourth Street,30303,706-506-3840
1477,Cairo Gonzales,41328 Liberty Street,31901,229-704-4282
1478,Desmond Mejia,15624 Railroad Avenue,30002,678-935-1186
1479,Joy Foster,54631 River Road,29201,704-902-2619
1480,Elaina Bowers,75669 Riverside Drive,29910,864-151-9722
1481,Ella Frazier,44456 Orchard Avenue,70802,337-857-2045
1482,Christian Sparks,42322 Laurel Street,33701,407-274-5141
1483,Damian Villarreal,92876 Pennsylvania Avenue,70802,318-786-1226
1484,King Acevedo,87135 Walnut Street,29201,336-554-4411
1485,Lorenzo Lozano,8242 Sunset Avenue,35005,938-628-3090
1486,Tucker Mcpherson,68559 Main Street,33160,321-745-5284
1487,Jade Blankenship,66866 Park Street,35005,334-488-9125
1488,Amaya Riley,3314 Vineyard Drive,34994,386-103-4090
1489,Adan Bruce,31851 Oakwood Avenue,35203,352-710-8322
1490,Alessandra Williams,7265 Jefferson Street,33160,561-980-9407
1491,Gideon Weiss,13445 Windsor Avenue,31401,470-368-8986
1492,Ryker Bowen,98280 Madison Avenue,29020,854-139-5048
1493,Callen Dorsey,77084 Fairview Avenue,28801,336-480-6045
1494,Manuel Hartman,9094 Railroad Avenue,39828,770-633-3508
1495,Brian Coleman,25209 Liberty Street,35203,938-108-6497
1496,Amanda Huang,91477 Holly Street,71101,225-394-4236
1497,Marlee Jacobs,86434 Grove Street,39828,404-765-3592
1498,Xiomara Mcpherson,47659 Pinecrest Drive,70433,225-502-7769
1499,Logan Blevins,32183 Essex Street,29020,864-963-4216
1500,Athena Kaur,70845 River Road,30303,762-875-5296
1501,Elsie Conley,84603 Smith Street,70802,337-118-3686
1502,Emersyn Kramer,45679 Fourth Street,39828,706-416-7339
1503,Talia Crosby,90030 Broadway,35203,334-923-7411
1504,Charli Carson,28305 Locust Street,29910,864-311-1974
1505,Emilia Duran,72371 High Street,70802,225-548-2068
1506,Collin Velasquez,34452 Locust Street,31908,478-591-5458
1507,Elise Booker,48541 Park Street,36104,251-323-5297
1508,Austin Sharp,68775 Elmwood Avenue,29910,864-964-4538
1509,Walter Harding,54164 Laurel Street,29201,252-104-3358
1510,Isabelle Lowery,62565 State Street,31908,229-493-9327
1511,Lexi Huang,23832 Lincoln Street,70112,225-520-1621
1512,Charlotte Byrd,47959 Jefferson Street,29201,336-878-5669
1513,Selah Peters,49952 High Street,36602,334-186-7193
1514,Genesis Estes,93990 Spring Street,33160,386-688-3789
1515,Noah Dodson,11656 Laurel Street,35203,205-629-1825
1516,Gideon Chandler,43731 Glenwood Avenue,34994,305-402-3232
1517,Nolan Kane,92870 River Road,39828,706-469-6200
1518,Kimberly Logan,55579 Jefferson Street,36602,334-837-5471
1519,Kaleb Beil,89487 Washington Street,36104,256-491-1729
1520,Patrick Gibbs,7097 Fifth Street,32003,561-880-2789
1521,Lennox Gallagher,10531 Windsor Avenue,36104,256-917-6934
1522,Liam Landry,43001 Broad Street,27514,336-656-3896
1523,Damien Horn,41942 Lakeview Avenue,70802,504-557-1253
1524,Kimberly Black,62866 Walnut Street,36602,938-515-8876
1525,Denver Donovan,32603 Jackson Street,31401,470-900-7087
1526,Luna Hunter,25740 Pennsylvania Avenue,29401,843-688-2604
1527,Piper Stanton,50409 Fairview Avenue,30002,770-397-9098
1528,Manuel Bartlett,89567 Elm Street,70802,225-154-9162
1529,Cooper Nolan,55898 Main Street,33701,727-675-7942
1530,Oaklee Strong,69000 Franklin Street,39828,229-875-4957
1531,Gael Sellers,90205 Meadow Lane,32003,727-503-1667
1532,Willa Prince,62189 Highland Avenue,39828,404-685-9995
1533,Killian Flowers,5666 Spring Street,35203,334-947-9086
1534,Cora Henry,28759 Third Street,33160,407-427-7681
1535,Hayden Nash,17206 Grant Street,29401,854-538-9896
1536,Emerson Waller,90328 Willow Avenue,36104,938-966-7517
1537,Collins Mahoney,85948 Mulberry Street,33701,754-241-2940
1538,Cora Tate,33408 High Street,30303,404-169-5544
1539,Malachi Peña,30883 Lake Street,29910,854-480-3073
1540,Lilith Daniels,77852 Grant Street,29910,843-672-6867
1541,Kylo Rivers,6217 Spring Street,29020,854-334-3623
1542,Braxton Gates,71369 Pine Street,33160,352-788-2734
1543,Andre Erickson,12348 River Road,34221,386-628-9337
1544,Cassidy Chan,94906 Orchard Avenue,29201,704-690-6065
1545,Annalise Odom,30880 Sunset Boulevard,36104,938-985-8493
1546,Gregory Kelly,36287 Spruce Street,32003,727-961-1885
1547,Archer Wagner,14981 Maple Street,29910,803-339-6906
1548,Hayden Kennedy,85299 Oak Street,70433,225-331-5343
1549,Weston Mccall,96673 Madison Avenue,28801,704-112-1651
1550,Alana Case,55831 Maple Street,31401,678-500-5098
1551,Milani Castillo,46005 Liberty Street,35203,938-748-2143
1552,Karson Torres,86495 State Street,36602,334-975-4974
1553,Everett Mitchell,23039 Laurel Street,35203,727-109-4133
1554,Paxton Singh,42726 Riverside Drive,34221,561-808-5116
1555,Kingston Parra,66416 Jefferson Street,34221,386-596-3121
1556,Olivia Russo,32311 Main Avenue,31901,404-722-5671
1557,Kendall Mathews,68278 Holly Street,30002,770-143-1560
1558,Devin Tapia,77280 Pleasant Street,33160,321-561-8510
1559,Fiona Roberson,7321 Lakeview Drive,35203,256-870-2790
1560,Brinley Patrick,59636 Fairview Avenue,28801,252-826-6354
1561,Angelina Macdonald,74579 Lake Shore Drive,28801,252-797-9465
1562,Alora Hester,22315 Sixth Street,36104,256-169-4098
1563,Aspen Levy,40856 Third Street,71101,504-705-7613
1564,Clark Santana,53720 Main Street,31908,706-850-4514
1565,Daleyza Deleon,23483 School Street,70112,225-757-9411
1566,Esteban Harrell,42627 Spruce Street,35005,334-232-9334
1567,Zaire Ashley,42238 School Street,31908,404-676-5412
1568,Diego Miranda,58736 Valley Road,34994,305-610-8578
1569,Niko Potter,63568 Second Street,34221,407-817-5947
1570,Maximus Wilkins,98931 Maple Street,36602,205-867-1993
1571,Paris Watts,80948 Division Street,36104,938-384-1109
1572,Rosie Hammond,66984 Colonial Drive,28801,704-845-2027
1573,Mackenzie Pham,78232 Division Street,27514,336-826-2568
1574,Aylin Keller,84162 Country Club Road,70802,318-586-9597
1575,Juliana Nuñez,66687 State Street,36602,334-568-8270
1576,Robert Ramirez,12322 State Street,31401,678-187-1017
1577,Ezequiel Reeves,41664 Second Street,30303,229-513-9015
1578,Dahlia Escobar,52780 Washington Street,36104,256-198-3891
1579,Maya Sanchez,57921 Pinecrest Drive,33701,386-936-9940
1580,Ayla Cardenas,77967 Vineyard Drive,71101,337-633-3264
1581,Santiago Wilson,14253 Elmwood Drive,31401,478-267-9974
1582,Alejandro Blevins,26361 Forest Avenue,70112,337-225-6865
1583,Elliott Leon,57144 Cedar Street,28202,336-770-7844
1584,Nasir Cooper,82662 Walnut Avenue,31401,762-307-5123
1585,Calvin Norman,20507 Locust Street,39828,404-733-8581
1586,Aspen Cherry,70981 Central Avenue,29401,854-213-1708
1587,Esme Ellis,74621 Country Club Road,34221,321-930-6461
1588,Blake Vega,63913 Valley View Drive,31901,762-827-9216
1589,Oakley English,15904 Second Street,70802,337-121-7363
1590,Brynlee Costa,2934 Oak Street,35203,938-441-7664
1591,Amir Francis,16945 Valley Road,70802,337-975-8730
1592,Reid Wallace,95285 Elmwood Lane,29601,854-523-8540
1593,Rebecca Johnston,17589 Oak Street,71101,504-220-9979
1594,Zuri Palmer,75016 Sunset Drive,29401,843-296-5793
1595,Kyler Piñeda,37430 Elmwood Lane,36104,938-718-5523
1596,Lennox Barrera,65671 State Street,70802,225-255-5031
1597,Holden English,8436 Riverside Drive,36602,256-491-2269
1598,Elaina Stafford,74439 Valley Road,35203,407-617-8128
1599,Ari Smith,42265 Ash Street,31908,770-592-1227
1600,Parker James,24914 Country Club Road,29020,864-561-1954
1601,Norah Hancock,38963 Railroad Avenue,70433,504-489-8071
1602,Ruby Coleman,36118 Ash Street,36104,205-940-8328
1603,Morgan Boyle,50327 University Avenue,35203,334-680-6940
1604,Ayla Whitehead,20612 Walnut Avenue,35005,334-527-8316
1605,Koa Bernal,6251 University Avenue,35005,256-448-8037
1606,Patrick Walsh,15644 Park Street,70802,337-138-6118
1607,Logan Portillo,34581 Cedar Street,31401,770-266-7082
1608,Jensen Torres,65633 Broad Street,29201,252-347-2611
1609,Lana Kline,16893 Ash Street,71101,225-750-5221
1610,Milani Ahmed,75877 Main Street,71101,318-506-8747
1611,Laura Weber,23919 Elmwood Avenue,36104,938-647-2578
1612,Arthur Conner,87785 Hillcrest Avenue,29401,843-639-6842
1613,Jayden Reeves,58692 Rose Street,29910,803-164-1196
1614,Karson Ávila,37082 West Street,35203,205-917-3504
1615,Armani Peterson,90237 Spring Street,35203,251-839-7995
1616,Hattie Oliver,74239 Chestnut Lane,34994,727-988-4280
1617,Teagan Barajas,39482 Maple Street,27514,336-137-4969
1618,Amara Duran,91478 Center Street,27514,704-804-4740
1619,Damian Poole,20849 Chestnut Street,36602,938-989-4105
1620,Lane Harvey,79341 Sunset Boulevard,34221,754-330-2387
1621,Angela Campbell,27451 Smith Street,27514,704-359-9658
1622,Molly Stuart,8180 Holly Street,28801,704-974-7317
1623,Adalynn Blackwell,72362 Meadow Lane,29601,864-126-1425
1624,Alexandria Burgess,43857 Grove Street,31401,762-424-8114
1625,Avery Barajas,81264 Ash Street,70112,337-888-7505
1626,Judah Frost,98454 Elmwood Lane,28801,704-820-9567
1627,Kaia Krueger,30707 Elmwood Avenue,30002,229-514-4270
1628,Josephine Trejo,92074 Railroad Avenue,29201,704-202-7929
1629,Abel Bentley,19573 Pleasant Street,36602,938-462-9725
1630,Kali Flowers,23826 Glenwood Avenue,35203,256-312-8410
1631,Cooper Elliott,57300 Locust Street,36104,938-373-9655
1632,Grady Combs,55362 Park Avenue,35005,334-705-7364
1633,Dream Landry,62128 Pinecrest Drive,29401,864-859-9500
1634,Nathan Haley,76315 Valley Road,70112,318-924-8097
1635,Rory Soto,64349 Second Street,70802,318-766-5900
1636,Bianca Pierce,50702 River Road,34994,727-130-9634
1637,Garrett Cisneros,89186 Meadow Lane,35005,256-797-9793
1638,Kaleb Zimmerman,19543 Park Street,29201,704-208-1552
1639,Stevie Hahn,96156 Park Place,29910,803-467-7465
1640,Romeo Gibson,90146 Locust Street,27514,704-411-4162
1641,August Rodriguez,40489 Lake Street,31901,678-499-5631
1642,Maeve Wilkinson,90855 River Road,70433,318-597-2593
1643,Alonzo Combs,48981 Park Place,30303,678-127-4156
1644,Layla Archer,4028 Walnut Avenue,29401,854-660-1512
1645,Londyn Rocha,18148 Division Street,30002,470-615-7868
1646,Miracle Berry,66308 Broadway,32003,321-898-3020
1647,Luna Mcintosh,54452 Highland Avenue,70433,225-806-6843
1648,Noelle Daugherty,46760 Willow Avenue,27514,252-524-9165
1649,Alessia Newton,66497 Country Club Road,70433,318-606-5391
1650,Chloe Livingston,71844 Sunset Avenue,29020,803-153-4686
1651,Maxwell Stanley,87404 Pennsylvania Avenue,28202,336-226-4786
1652,Leon Hunter,23508 Riverside Drive,29020,803-896-7715
1653,Hayden Shepherd,5463 Division Street,35203,334-316-7650
1654,Nora Serrano,52401 Willow Avenue,30303,404-638-5124
1655,Lyra Fletcher,35540 Maple Street,36104,251-523-6030
1656,Charli Santiago,67734 Cherry Lane,28202,252-289-8846
1657,Enzo Leal,93518 West Street,30002,678-403-1165
1658,Brooke Fitzgerald,95767 Lakeview Drive,29401,843-107-5088
1659,Finn Robertson,55260 Pine Street,70112,318-820-1603
1660,Brody Goodwin,30361 Cedar Street,32003,754-582-4530
1661,Kyle Nuñez,72542 Oak Street,35005,938-168-6681
1662,Lennox Weber,61694 Mulberry Street,32003,321-650-6528
1663,Chloe Maynard,40590 Willow Avenue,29910,843-353-4502
1664,Jasper Beil,75785 Center Street,32003,407-324-9930
1665,Colin Lee,82632 Church Street,70433,225-397-7460
1666,Kash Sandoval,41503 Colonial Drive,35203,938-657-6758
1667,Amari Wolfe,62225 Vineyard Drive,39828,770-167-5174
1668,Gideon Molina,39432 Laurel Street,29910,864-762-7726
1669,Rosie Walton,18219 Main Avenue,31401,706-246-5598
1670,Heidi Rush,80736 Ridge Road,39828,762-715-3811
1671,Alison Harrison,70473 Pleasant Street,36602,334-469-6822
1672,Santino Anderson,4652 Pine Street,36104,205-459-1238
1673,Armani Henderson,22552 Chestnut Lane,28801,336-481-9856
1674,Ismael Dawson,84159 Oakwood Avenue,32003,321-319-6551
1675,Felix Porter,37974 Orchard Avenue,35005,334-459-6751
1676,Bradley Singleton,1387 Valley View Drive,29020,803-335-2097
1677,Gregory Castro,9906 Oak Street,34994,352-281-5957
1678,Brooklynn Riley,40260 Chestnut Avenue,28202,336-577-6408
1679,Ari Kim,28453 Madison Street,36602,251-287-4852
1680,Briella Guerra,17581 Sunset Avenue,36602,334-882-8091
1681,Jeremiah Fischer,18594 Vine Street,39828,770-810-2944
1682,Alaya Collins,41424 Elmwood Drive,31908,404-548-4320
1683,Ada Small,88488 Park Place,27514,336-253-8171
1684,Aylin Perez,21620 Park Street,31908,706-330-2908
1685,Chance Greene,32333 Lake Street,28801,336-845-3118
1686,Rylie Ballard,97469 Colonial Drive,28202,704-898-8882
1687,Kimberly Nguyen,60277 Park Street,70802,337-940-4275
1688,Kobe Alfaro,88574 Railroad Avenue,70802,225-565-2265
1689,Sienna Hensley,48933 Chestnut Street,31401,706-315-6225
1690,Landon Stevenson,85477 Essex Street,70802,318-236-2597
1691,Jax Pruitt,12654 Cherry Lane,36602,251-287-3822
1692,Aubrey Best,50000 Maple Street,28202,704-369-1493
1693,Emanuel Barrett,75175 Lakeview Drive,29401,803-987-4384
1694,Santiago Sandoval,9543 Broadway,35005,251-689-6217
1695,Matteo Kaur,14501 Cedar Street,35203,407-106-9412
1696,Richard Barker,12304 State Street,32003,407-750-7414
1697,Frances Porter,5296 Main Street,30303,478-857-6459
1698,Isabel Brown,28446 Orchard Avenue,70112,225-379-7518
1699,Stephanie Strickland,72209 Main Street,35203,305-314-4156
1700,Callie Nash,30550 Elmwood Avenue,71101,318-537-6882
1701,Legacy Brandt,12587 Sunset Boulevard,29910,864-215-2519
1702,William Durham,90892 Elmwood Avenue,30303,762-127-4412
1703,Morgan Myers,72992 North Street,30303,229-964-6482
1704,Aubrey Brewer,73494 West Street,36104,251-158-5616
1705,Rory Lucas,49950 Willow Avenue,27514,252-685-7265
1706,Leonel Mercado,61297 Lakeview Avenue,28801,336-229-5554
1707,Anya Bates,30309 Laurel Street,30303,470-184-6202
1708,Annie Livingston,68070 Ridge Road,70433,337-180-2520
1709,Willa Sweeney,8885 Center Street,70802,337-174-8040
1710,Jeremiah Hail,36679 Broadway,29201,336-603-9508
1711,Valeria Case,7009 Spring Street,71101,337-910-1025
1712,Genesis Frazier,73829 Spring Street,29401,864-253-1598
1713,Asa Enriquez,84343 Grant Street,36104,938-173-9808
1714,Amaya Ayers,55812 Division Street,31901,770-277-1598
1715,Hank Ramsey,87152 Chestnut Street,30303,478-920-5969
1716,Kylo Dixon,65345 Colonial Drive,39828,678-278-5583
1717,Kaia Kent,76291 Vineyard Drive,35005,205-947-9669
1718,Nico Castro,56918 Park Avenue,28801,252-294-3877
1719,Marlee Richardson,20129 Sunset Avenue,31401,678-528-5931
1720,Madelyn Escobar,22249 Spring Street,34994,321-981-3983
1721,Bodie Carpenter,40932 Jefferson Street,28801,336-538-6177
1722,Thea Mclean,1053 Mulberry Street,31901,678-700-8047
1723,Maryam Duncan,31685 North Street,29601,854-525-6737
1724,Haven Reed,30617 Lake Street,33701,727-411-2835
1725,Eden Montgomery,82052 Walnut Avenue,35203,938-608-6573
1726,Matias Esquivel,93640 Jefferson Street,31908,229-999-9189
1727,Kyson Murray,99660 Division Street,30002,470-693-7709
1728,Fernanda Joseph,84671 Lakeview Drive,31401,770-681-3044
1729,Brooklynn Rich,1474 Fifth Street,36104,334-351-9093
1730,Ivan Weiss,28618 Hillcrest Avenue,29401,854-890-6472
1731,Dominic Burgess,83581 Pinecrest Drive,29601,864-862-8328
1732,Renata Horn,1026 Broadway,27514,336-224-1198
1733,Briggs Yu,1856 Broad Street,70433,504-173-4813
1734,Sarah Huynh,86475 Park Avenue,35005,205-330-7772
1735,Jason Berger,53613 Magnolia Avenue,35203,727-951-1020
1736,Sage Wong,89772 Glenwood Avenue,32003,407-835-8649
1737,Beau Silva,20465 Lakeview Avenue,71101,318-111-9435
1738,Stevie Lin,67915 Third Street,29401,864-897-7675
1739,Garrett Beard,40265 Ridge Street,33160,321-957-8309
1740,Leland Ramsey,28920 Lake Street,29401,843-486-9046
1741,Maximus Fletcher,32786 Jefferson Street,27514,252-357-2172
1742,Camilo Frank,5484 Main Avenue,30002,706-305-1208
1743,Zyaire Wong,78672 Chestnut Street,36104,256-830-8805
1744,Eduardo Shields,60481 Lake Street,70112,225-902-1099
1745,Edwin Zuniga,40652 University Avenue,70802,318-753-2896
1746,Julian Wong,41238 Main Street,32003,386-275-9456
1747,Erick Pacheco,81198 Central Avenue,35203,305-690-5158
1748,Austin Donovan,80052 Fifth Street,35203,256-816-7678
1749,Blake Manning,77649 State Street,35203,407-284-5073
1750,Connor Ochoa,27864 University Avenue,70112,337-606-9612
1751,Xander Kramer,55402 Hillcrest Avenue,70112,318-157-3849
1752,Raelynn Sandoval,70996 Broadway,29910,843-252-1719
1753,Ronin Hess,16456 School Street,27514,336-393-5020
1754,Kairo Gregory,37732 Vine Street,29910,803-161-3475
1755,Pablo Randolph,55408 Chestnut Lane,35005,205-808-2586
1756,Frederick Kaur,5958 Willow Street,29020,843-452-9153
1757,William Skinner,37035 Elmwood Drive,70112,225-702-1136
1758,Josue Bennett,91280 Main Street,71101,225-837-2680
1759,Brian Carter,45368 Jackson Street,33160,754-635-4815
1760,Asher Hamilton,27584 Cedar Street,29910,864-604-1783
1761,Dawson Velazquez,66465 Lake Street,32003,561-200-8978
1762,Elle Russell,53566 Pennsylvania Avenue,35203,561-132-2166
1763,Jeremiah Case,21454 University Avenue,28202,336-725-1406
1764,Alison Combs,69622 Division Street,28202,704-144-1654
1765,Cooper Medina,66933 Washington Street,71101,225-429-5431
1766,Kamila Jimenez,4177 Elm Avenue,36602,205-977-1890
1767,Penelope Sexton,28860 Jackson Street,33160,386-708-8152
1768,Asa Singh,72138 State Street,32003,561-196-6272
1769,Koda Valentine,1287 Rose Street,70112,337-269-5898
1770,Esmeralda Chang,36273 Sunset Drive,35203,205-920-6180
1771,Alayna Crosby,72774 Laurel Street,29020,843-126-4685
1772,Collins Herrera,21231 Valley Road,29910,864-333-3005
1773,Judah Orozco,49550 University Avenue,30002,470-310-7745
1774,Koda Hahn,76689 Cherry Street,35203,205-173-6160
1775,Haisley Haley,55234 Highland Drive,29601,803-384-5193
1776,Taylor Stephens,1915 Elmwood Avenue,30002,470-630-7541
1777,Addison Odom,64525 Sunset Boulevard,71101,504-268-3804
1778,Zayne Delacruz,5792 Willow Street,29020,843-104-5802
1779,Seth Alvarez,32195 North Street,31901,770-339-9653
1780,Gianna Gross,61370 Broadway,29201,252-418-2870
1781,Isaiah Pitts,27319 Terrace Avenue,33701,321-369-8723
1782,Isabella Pearson,72946 Sunset Boulevard,36602,205-404-3654
1783,Bo Ellis,4553 High Street,36104,256-793-2797
1784,Adan Little,20015 Madison Street,36602,938-842-7713
1785,Baker Townsend,16919 Grove Street,33701,727-666-4627
1786,Micah Travis,4316 Cherry Lane,36602,256-422-6102
1787,Atticus Frazier,92327 Pennsylvania Avenue,34221,561-284-6616
1788,Gavin Rowland,69838 Spring Street,29910,864-551-4704
1789,Sullivan Wheeler,34908 Railroad Avenue,27514,704-957-3923
1790,Emmett Kline,50686 Chestnut Street,36104,205-618-4293
1791,Raymond Padilla,15784 Cherry Lane,29401,843-987-1399
1792,Selena Sims,69458 High Street,31901,762-791-4031
1793,Luna Palacios,17002 Rose Street,29201,704-324-2675
1794,Fernando Hall,86183 State Street,34221,386-722-2695
1795,Rhys Barron,50471 Fifth Street,29910,843-945-5277
1796,Alicia Rocha,12692 Highland Avenue,28202,252-598-9194
1797,Amir O’Connell,34822 Willow Street,29401,854-281-4986
1798,Evelynn Buck,7187 Vine Street,35005,251-909-2631
1799,Braxton Carroll,61042 Broadway,29201,704-124-1673
1800,Greyson Reyna,10500 Ridge Road,34221,754-205-1404
1801,Xiomara Snow,10655 Orchard Avenue,34994,727-176-8576
1802,Stevie Elliott,79178 Central Avenue,35203,205-459-4637
1803,Lila White,23180 Cherry Lane,29201,252-224-1233
1804,Theo Gross,79090 Locust Street,70433,318-824-4433
1805,Shiloh Maynard,30925 Broad Street,27514,704-868-3478
1806,Steven Mayer,12665 Pinecrest Drive,29020,843-913-3004
1807,Nadia Ponce,11579 Chestnut Avenue,28801,336-528-7578
1808,Hayden Greer,90325 Forest Avenue,71101,318-330-6482
1809,Bo Pearson,21998 Riverside Drive,31908,404-408-4149
1810,Sydney Rush,22987 Sunset Drive,29601,843-175-1710
1811,Aspen Wise,81307 Oak Street,70112,504-114-1265
1812,Ava Ramirez,8445 Ridge Road,34994,754-648-9630
1813,Damon Mathis,39274 Ash Street,35005,334-771-5728
1814,Francis Preston,32323 Walnut Street,27514,704-461-2506
1815,Leila Vaughan,4644 Sunset Avenue,29020,843-384-1105
1816,Rowan Hanna,30897 Smith Street,33160,386-930-8770
1817,Vivian Henson,93729 Vineyard Drive,28801,252-795-8904
1818,Brody Clayton,51168 Chestnut Lane,70112,318-242-1762
1819,Ali Barajas,81285 Spring Street,33701,727-477-8763
1820,Madelynn Carr,34326 Terrace Avenue,34994,561-383-2273
1821,Julian Buck,72519 Lincoln Street,71101,318-165-5202
1822,Josephine Owens,93628 Elmwood Drive,28801,336-657-5547
1823,Jonathan Arellano,89706 Sunset Avenue,34221,754-919-6356
1824,Judah Dennis,21236 Main Avenue,29020,843-722-5434
1825,Alijah Walsh,84255 Main Street,71101,504-736-7280
1826,Sebastian Conrad,66775 Court Street,29020,854-136-2359
1827,Summer Kerr,94900 College Avenue,28801,252-136-2479
1828,June Mcintyre,61992 Park Avenue,29201,336-617-6352
1829,Greyson Mathis,63748 Jackson Street,70802,225-446-1324
1830,Bodie Scott,20239 Cherry Lane,28801,704-529-7730
1831,Russell Cordova,41846 Meadow Lane,70112,225-382-3693
1832,Payton Johns,88686 Chestnut Street,29401,803-579-3125
1833,Titus Roth,55852 Vine Street,71101,318-832-3328
1834,Alessandra Schneider,22303 Lake Street,35005,251-199-7794
1835,Phoenix Gill,20041 Elm Street,29601,864-287-4329
1836,Amanda Lucas,56182 River Road,35203,386-663-6220
1837,Frances Ferguson,46892 Sixth Street,70112,504-470-4401
1838,Abel Craig,77846 Meadow Lane,34994,727-166-4203
1839,Briella Flowers,90224 Meadow Lane,71101,225-977-4537
1840,Camilla Gonzalez,46342 Franklin Street,36104,256-623-2667
1841,Kash Lane,35248 North Street,29201,252-823-5730
1842,Maria Henry,70888 Madison Street,33701,352-527-7659
1843,Shiloh Huffman,49252 Sunset Avenue,70802,504-689-2806
1844,Micah Curry,30718 Fairview Avenue,30002,229-873-8373
1845,Kyrie Magana,82397 Valley View Drive,70802,337-480-5028
1846,Selah Shepherd,50523 Second Street,27514,252-164-3855
1847,Destiny Schroeder,97422 Broad Street,36104,205-797-3551
1848,Dylan Quintana,53740 Elm Avenue,34994,321-807-1964
1849,Elsie Love,55865 Chestnut Street,29020,864-103-8484
1850,Frederick Ellison,37983 Franklin Street,70433,504-233-3521
1851,Marley Henderson,52884 Center Street,29201,252-590-2161
1852,Abraham Lane,51850 Vineyard Drive,71101,225-212-1312
1853,Bailey Duncan,44700 Railroad Avenue,29201,336-826-5314
1854,Emily Cherry,99693 Sunset Avenue,30002,678-453-8121
1855,Gracelyn Pugh,43879 Hillcrest Avenue,70433,337-996-9888
1856,Jesse Middleton,66498 Magnolia Avenue,34221,386-144-6239
1857,Kyle Hubbard,45326 Hamilton Street,29020,803-650-8440
1858,Marcus Barber,73635 Elmwood Avenue,34994,305-635-4215
1859,Catalina Montes,68663 Washington Street,36602,251-928-4371
1860,Nadia Curry,91589 Laurel Street,39828,678-353-5737
1861,Trinity Rowe,68446 Locust Street,29910,843-641-7558
1862,Sullivan Adkins,82378 Cherry Lane,70802,337-629-6590
1863,Ian Cole,57304 School Street,29201,336-414-9242
1864,Cairo Page,55324 Orchard Avenue,35005,256-396-6521
1865,Emersyn Quintero,22609 Maple Street,70802,504-661-9205
1866,Edgar Huff,98362 Ash Street,34221,754-976-8177
1867,Kyler Stevenson,34753 Highland Avenue,34221,321-221-4860
1868,Maisie Ryan,91166 Jefferson Street,30002,706-898-6342
1869,Noa Tanner,93363 Jackson Street,29401,843-670-2427
1870,Alexandra Simpson,52255 Washington Street,32003,386-736-9562
1871,Kora Russell,32735 Fifth Street,70802,225-135-7639
1872,Samara Colón,1663 Pennsylvania Avenue,35203,938-205-6938
1873,Joaquin Singh,97922 Third Street,36104,251-617-1680
1874,Joy Hoffman,22538 Forest Avenue,70433,337-469-6243
1875,Gabriel Martin,58213 Oakwood Avenue,30002,762-402-6014
1876,Patrick Tucker,53371 Windsor Avenue,27514,252-883-4036
1877,Regina Mullins,41301 Forest Avenue,30002,706-269-7375
1878,Hayes Norris,39730 Chestnut Lane,29201,704-216-4815
1879,Kaylee Best,22523 Main Street,70802,318-394-7264
1880,Brooklynn Mcgee,13477 Railroad Avenue,30303,478-929-6347
1881,Zaire Rose,81593 West Street,35203,386-995-7802
1882,Wade Novak,41143 Elmwood Lane,28202,252-375-8068
1883,Sonny Haley,46863 West Street,39828,762-667-5416
1884,Jonathan Solis,28433 Main Street,29020,803-894-1123
1885,Katherine Powell,2532 Railroad Avenue,28202,704-562-2507
1886,Ximena Roth,8070 School Street,29601,854-365-6608
1887,Stetson Matthews,45158 College Avenue,33701,352-893-3107
1888,Adelina Gray,32229 Valley Road,30002,470-144-6043
1889,Casey Rosario,89153 Forest Avenue,71101,504-405-7938
1890,Sutton Fuentes,30606 Liberty Street,32003,727-274-3716
1891,Briella Steele,55265 Center Street,29020,843-648-4248
1892,Allie Patton,14938 Grant Street,35005,938-678-9310
1893,Ryker Guerra,4978 Spruce Street,36104,205-285-5662
1894,Abigail Mora,30638 Terrace Avenue,28801,336-991-7839
1895,Kayla Hanson,3877 Locust Street,35203,334-689-3954
1896,Naomi Barnes,58690 Pine Street,33701,321-601-3139
1897,Sullivan Carson,61749 Ridge Street,35203,561-687-5689
1898,Jasmine Larson,48068 Second Street,28202,252-593-5861
1899,Cataleya Sutton,30576 Valley Road,31901,478-939-4300
1900,Georgia Velazquez,29078 Fourth Street,33160,352-851-1079
1901,Sterling Hall,15378 University Avenue,29601,864-575-4762
1902,Makayla Wong,22602 Locust Street,32003,305-797-4109
1903,Ailani Anderson,55461 Lincoln Street,32003,561-554-3302
1904,Ariana Griffin,72265 Elm Avenue,71101,504-512-9506
1905,Warren Wheeler,60180 Fifth Street,30303,678-316-6695
1906,Shiloh Enriquez,93451 Sixth Street,31401,770-998-9915
1907,Saige Walker,47146 Jefferson Street,35203,256-165-8840
1908,Kaleb Solis,35052 College Avenue,35203,251-872-4537
1909,London Holt,47774 Ridge Road,29401,803-755-8808
1910,Genesis French,43579 Madison Avenue,35203,407-954-3529
1911,Sonny Arias,37776 Elm Street,29401,854-808-9332
1912,Sutton Frazier,65177 Terrace Avenue,35203,205-403-9294
1913,Luke Hodge,87205 Riverside Drive,29401,803-706-6500
1914,Banks Richardson,19095 Willow Street,29601,864-692-6346
1915,Shiloh Hudson,99500 Elmwood Avenue,35203,727-219-8736
1916,Aisha Cooper,73472 Willow Avenue,30303,470-307-4008
1917,Jacob Fleming,99719 Ridge Road,70802,504-730-4312
1918,Navy Velez,12819 Holly Street,29401,803-867-8978
1919,Lilly Schultz,18332 Main Street,28801,252-935-1384
1920,Evelyn Rhodes,16020 Pinecrest Drive,30002,706-246-9292
1921,Arya Roy,83774 Magnolia Avenue,27514,252-884-9501
1922,Fernando Bernal,40185 Main Avenue,71101,225-239-2623
1923,Sophia Cantrell,53097 Mulberry Street,29910,854-275-6253
1924,Rebecca Holt,97886 Second Street,70802,318-295-7047
1925,George Quinn,90441 Rose Street,35005,938-757-2807
1926,Rhett Stewart,70066 Willow Avenue,30002,706-297-1648
1927,Amelia Ward,65100 Ridge Road,34994,561-710-5653
1928,Zion Payne,94323 Elm Street,39828,478-689-4945
1929,Gracie Ortiz,16744 Willow Avenue,29201,336-689-1719
1930,Eden Becker,71002 Pine Street,35005,251-375-2243
1931,Jaxon Nash,85968 Chestnut Lane,28801,704-693-9792
1932,Kade Anderson,29012 Spring Street,35005,251-975-6231
1933,Ian Cherry,63610 West Street,39828,770-398-7356
1934,Timothy Glass,8854 Fifth Street,28202,336-436-7744
1935,Sadie Thomas,28202 Country Club Road,29601,843-346-4340
1936,Steven Quinn,49110 River Road,71101,504-143-3113
1937,Elliot Petersen,59188 Meadow Lane,35203,205-228-6315
1938,Sergio Lu,60251 Oakwood Avenue,35203,256-229-7261
1939,Zara Brooks,72914 Division Street,29601,864-525-5640
1940,Xander Odom,78057 Ridge Road,36602,938-821-8963
1941,Miguel Randall,92985 Valley View Drive,70802,337-512-2338
1942,Walter Potts,21221 Maple Street,33701,305-347-2075
1943,Walter Herman,87172 Mulberry Street,34994,386-787-4494
1944,Eduardo Estes,3495 Spruce Street,33160,352-997-4732
1945,Samara Daugherty,86749 Lakeview Drive,31401,770-313-8047
1946,Allison Gillespie,79043 Sunset Avenue,29020,854-697-3379
1947,Emersyn Harrington,98741 Lakeview Avenue,70112,225-369-3916
1948,Arya Ingram,86331 Franklin Street,36602,334-991-7384
1949,Aaliyah Reyes,73927 Cherry Street,34221,754-154-5597
1950,Mary George,60045 River Road,35203,256-794-6687
1951,Elian Greer,4817 Pinecrest Drive,36104,938-844-1456
1952,Frederick Phillips,9100 Pinecrest Drive,31401,770-547-1764
1953,Rhys Velazquez,54947 Fifth Street,32003,305-646-3846
1954,Michelle Cardenas,66298 College Avenue,70802,225-454-3803
1955,Autumn Vaughan,17418 Sunset Boulevard,71101,225-363-8643
1956,Jade Charles,41954 Elmwood Avenue,31901,404-769-2713
1957,Emiliano Colón,27955 Maple Street,36602,205-910-5621
1958,Malik Rosales,89724 Spring Street,36104,251-100-6500
1959,Aria Potts,93610 Terrace Avenue,33160,386-744-8691
1960,Ariah Jacobson,71307 Country Club Road,35203,334-111-7611
1961,Teagan Beasley,20438 Locust Street,70433,337-595-5598
1962,Sebastian Pollard,78170 Country Club Road,28202,336-406-1497
1963,Malia Stanley,80889 Rose Street,30002,770-975-4900
1964,Baylor Aguirre,98068 Lincoln Street,70802,337-715-7765
1965,Kayden Thompson,73157 Colonial Drive,29601,843-808-2018
1966,Rose Boone,60349 Court Street,70112,225-433-8120
1967,Christian Barrera,42083 Court Street,35203,205-793-8296
1968,Nicolas Hoffman,69266 Elmwood Avenue,35203,407-292-9864
1969,Caiden Morrison,31632 Willow Street,71101,337-574-8304
1970,Dallas Crawford,91927 Jackson Street,29201,704-105-6575
1971,Sawyer Gomez,28897 Ridge Road,31401,706-167-5545
1972,Oakley Frederick,14739 Main Avenue,29601,864-675-1642
1973,Kaiden Correa,33148 West Street,29601,803-338-4493
1974,Declan Raymond,86868 College Avenue,29401,803-978-3463
1975,Reed Portillo,77622 Willow Avenue,36602,334-143-6880
1976,Carolina Swanson,6752 Ridge Street,32003,754-707-7184
1977,Ayden Craig,95205 Smith Street,34221,305-328-2428
1978,Skylar Nolan,3575 Willow Street,29910,843-808-7632
1979,Josephine Noble,28725 Sunset Boulevard,29020,864-188-6246
1980,Sage Dawson,47312 Broad Street,31901,770-173-5453
1981,Bryce Hunt,37262 Pine Street,29601,864-466-9086
1982,Ivy Horn,45674 River Road,28801,252-172-5317
1983,Kayson Kelly,83252 Ash Street,31901,770-149-4930
1984,Savannah Washington,95500 Jefferson Street,70802,337-445-8369
1985,Georgia Kennedy,97651 Pinecrest Drive,29020,854-934-3464
1986,Alan Avalos,81707 Vineyard Drive,70112,225-662-8342
1987,Valerie Adams,88547 Riverside Drive,70802,225-584-6493
1988,Helen Brock,81287 Colonial Drive,39828,678-657-8302
1989,Alan Allen,20364 Central Avenue,27514,336-261-1545
1990,Itzel Rodriguez,38400 Forest Avenue,30303,470-470-9416
1991,Jimena Holt,78682 Cherry Street,29020,864-899-5596
1992,Alyssa Nash,13216 Park Place,27514,252-975-9641
1993,Declan Miles,69350 College Avenue,34994,727-216-8494
1994,Gideon Skinner,99959 Liberty Street,70433,225-830-2725
1995,Celine Zamora,71779 Fairview Avenue,35203,727-232-8605
1996,Jimena Drake,43093 Pinecrest Drive,27514,704-874-3135
1997,Emma Bennett,46190 Madison Street,28202,336-884-5489
1998,Fatima Kane,99293 Spring Street,34221,321-662-4259
1999,Alyssa Dawson,69061 Oakwood Avenue,70112,504-176-9558
2000,Melanie Bonilla,70943 Cherry Lane,35203,256-440-1360
2001,Holden Winters,22482 Meadow Lane,29601,854-369-1299
2002,Haven Jensen,24150 Main Street,28202,336-921-5683
2003,Zander Pollard,75930 Highland Avenue,29020,854-704-3346
2004,Aisha Krueger,66893 Elmwood Lane,29601,854-687-2498
2005,Maddox Stokes,60360 Oak Street,70112,318-578-2372
2006,Cooper Sims,80595 North Street,70112,318-561-8655
2007,Trinity Jensen,83147 Walnut Street,31401,762-995-3771
2008,Rosalie Castillo,58805 Lake Street,36602,251-517-2647
2009,Frank Lewis,79464 Jackson Street,29201,336-128-3700
2010,Messiah Doyle,82313 Broadway,70112,504-999-3264
2011,Owen Becker,53662 High Street,70802,225-275-8649
2012,Luke Adams,18263 High Street,70433,225-715-5308
2013,Kendrick Fletcher,53078 Colonial Drive,35203,205-513-3793
2014,Amari Stephenson,15417 College Avenue,39828,404-520-9745
2015,Cade Hodges,30882 Elm Street,29910,864-891-2016
2016,Serenity Hopkins,76763 Park Avenue,29201,704-687-8725
2017,Leonardo Parks,28908 Orchard Avenue,28202,336-524-8311
2018,Serenity Kennedy,73543 Ridge Street,30002,770-646-9402
2019,Payton Russo,78902 Lake Street,34994,352-610-7377
2020,Atticus Case,39561 Court Street,29601,803-739-8470
2021,Zyaire Graham,38921 Center Street,29201,252-869-6952
2022,Myles Ball,5667 Ridge Street,30002,229-525-9460
2023,Liliana Moore,59902 Windsor Avenue,32003,727-991-4117
2024,Gianna Schroeder,40813 Third Street,35203,256-892-7538
2025,Robert Browning,64298 Madison Avenue,71101,225-453-2888
2026,Nadia Hahn,96473 Main Street,70433,504-383-4934
2027,Claire Curtis,56054 Third Street,29910,864-224-4618
2028,Alison Brennan,38055 Elmwood Avenue,30303,770-382-1936
2029,Salem Osborne,6623 Franklin Street,71101,318-920-9275
2030,Brooklynn Sandoval,1209 Country Club Road,31401,762-493-1644
2031,Charlee Gibson,80003 Oak Street,39828,470-770-6323
2032,Sophia Rowland,50089 Madison Street,70802,337-705-8366
2033,Sullivan Bonilla,83262 Center Street,36104,256-832-1727
2034,Callie Gonzalez,53845 Windsor Avenue,36602,256-422-9440
2035,Sullivan Piñeda,29267 Walnut Street,70433,318-165-5021
2036,Hannah Duffy,94683 Terrace Avenue,29401,803-769-4449
2037,Gracelynn Lang,13064 West Street,35203,251-140-3520
2038,Maria Daugherty,92115 Jackson Street,27514,336-950-5910
2039,Cataleya Jacobson,31150 Orchard Avenue,70112,504-389-9049
2040,Princeton Guevara,13319 Essex Street,29020,864-464-7323
2041,Justin Dominguez,79645 High Street,31901,229-967-1056
2042,Tatum Maynard,9211 Railroad Avenue,27514,704-606-6222
2043,Jaxton Dillon,44873 Hamilton Street,36602,251-565-3682
2044,Makenna Cooper,57390 Broadway,35005,251-279-2990
2045,Donovan O’Brien,63329 High Street,32003,386-611-9525
2046,Reese Medina,49568 Riverside Drive,35203,305-779-6826
2047,Renata Hutchinson,23404 Cherry Street,27514,252-552-4236
2048,Millie Rice,60930 Oak Street,29020,864-450-5532
2049,Harlow Espinosa,81190 Elm Street,34221,386-463-2963
2050,Camille Harmon,9261 Smith Street,29201,336-532-6004
2051,Gracie Lamb,53119 Colonial Drive,27514,252-575-2642
2052,Lia Truong,54966 Park Avenue,39828,678-347-3394
2053,Franklin Walters,56464 Railroad Avenue,35203,256-630-3816
2054,Raelynn Farrell,43262 Country Club Road,70112,225-410-1016
2055,Kali Hurst,44400 Main Street,29020,854-739-2778
2056,Kyler Frost,78965 Lakeview Avenue,29910,854-315-1418
2057,Avery Perez,55244 Hillcrest Avenue,31908,470-446-9170
2058,Alayah Ruiz,69250 Washington Street,29401,864-462-6542
2059,Adelaide Kerr,13148 College Avenue,70802,318-507-3365
2060,Hallie Nash,59704 State Street,70802,337-232-4260
2061,Elaine Fleming,84202 Broad Street,70433,225-368-9666
2062,Ronan Johnson,65391 Harrison Street,35203,205-448-6136
2063,Aurora Dean,50494 Elmwood Avenue,31901,770-410-4942
2064,Garrett Kerr,74116 Elm Avenue,39828,678-104-2772
2065,Ricardo Garrett,22838 Walnut Avenue,28202,336-217-2564
2066,Gunner Leon,83210 Jackson Street,29910,864-578-3367
2067,Lilah Mcconnell,13899 Locust Street,33701,321-452-1285
2068,Sylas Webster,73743 North Street,36602,334-557-1557
2069,Lyla Porter,98809 Main Street,35005,938-716-3682
2070,Walter Robinson,6888 Jackson Street,30303,470-114-7085
2071,Sawyer Ho,47996 Park Street,29910,854-454-2337
2072,Kane Mcbride,29726 College Avenue,35203,256-964-5326
2073,Everleigh Burgess,88191 Sunset Avenue,28202,252-581-9808
2074,Felix Harrell,96648 West Street,36602,251-765-5495
2075,Bryson Burgess,40173 Highland Avenue,34994,561-900-9522
2076,Cole Marshall,12520 Cedar Street,70433,504-975-8372
2077,Caroline Sanford,65596 Hillcrest Avenue,36602,334-375-3400
2078,Judah Cunningham,47625 Grant Street,36602,334-742-5377
2079,Amari Price,30149 Colonial Drive,35005,938-454-4882
2080,Jaylen Tucker,33665 Court Street,39828,762-387-2875
2081,Greyson Harris,38427 Elmwood Lane,34994,727-433-1455
2082,Grayson Bates,96449 Sunset Avenue,29201,336-833-4421
2083,Rose Pope,3780 Highland Drive,70112,504-290-9093
2084,Marlee Savage,1655 Central Avenue,28801,704-728-7300
2085,Phoebe Rogers,81017 Meadow Lane,35203,205-884-5892
2086,Liliana Huerta,89468 Jefferson Street,28202,704-811-8058
2087,Annabelle Webster,73142 Sunset Drive,70112,504-948-9276
2088,Sophie Peck,93842 Magnolia Avenue,39828,470-409-7720
2089,Javier Wilkinson,39488 North Street,35203,352-148-2153
2090,Timothy Welch,2717 Meadow Lane,34994,305-481-4287
2091,Bentley Moran,20746 Sunset Avenue,70112,504-933-2854
2092,Octavia Mayo,49168 Pine Street,35203,321-173-1266
2093,Gael Cortéz,3463 Pine Street,27514,336-796-1274
2094,Catalina Solis,82697 Locust Street,35203,205-255-5830
2095,Dahlia Bravo,9440 Madison Street,27514,252-940-1389
2096,Finley Bernal,94565 Vineyard Drive,29601,854-683-3326
2097,Nash Klein,59643 Terrace Avenue,70112,337-293-4366
2098,Stephanie Norman,1404 Spring Street,71101,504-982-4959
2099,Sabrina Cisneros,41418 Ash Street,70802,225-531-7269
2100,Laura Serrano,75676 Cherry Street,30303,229-859-3953
2101,Augustus Thornton,22539 Spring Street,29201,336-341-5764
2102,Russell Burns,25724 Jackson Street,32003,727-624-3637
2103,Joel Atkins,30619 Lakeview Avenue,31401,762-616-7931
2104,Sutton Williams,77428 Rose Street,29020,843-491-2155
2105,Remington Parra,45669 Willow Avenue,31401,470-235-3276
2106,Isabel Stone,54639 Lake Shore Drive,28801,252-265-4604
2107,Francesca Best,45644 Cedar Street,28202,336-843-8930
2108,Violet Eaton,66841 Cherry Lane,36602,251-330-6221
2109,Journee Martinez,34883 Vineyard Drive,32003,727-756-2329
2110,Marley Carson,13610 Franklin Street,29910,854-413-6377
2111,Valentina Hill,72726 Central Avenue,34994,305-235-9132
2112,Jett Gordon,4462 Valley View Drive,29601,843-626-1523
2113,Adalyn Hobbs,36855 Lincoln Street,70802,225-282-9277
2114,Joshua Nguyen,69498 Holly Street,29201,336-486-6528
2115,Martin Kaur,13943 Park Avenue,27514,336-233-7605
2116,Jose Atkinson,37931 Elmwood Drive,70802,337-604-7266
2117,Kendrick Knapp,19104 Hillcrest Avenue,71101,225-301-6029
2118,Haven Ventura,63900 High Street,31401,762-250-4661
2119,Raphael Combs,83915 Riverside Drive,29020,843-615-3390
2120,Zoey Truong,65959 Third Street,32003,727-913-3197
2121,Brody Klein,78327 Forest Avenue,70433,337-416-6146
2122,Willow House,61199 Hamilton Street,28202,336-834-4054
2123,Zayden Vargas,17663 Walnut Street,30303,770-902-1218
2124,Royalty Bentley,47920 Willow Street,35203,334-603-3203
2125,Adrian Mcdonald,42801 Broadway,34221,305-526-8012
2126,Quinn Leblanc,21439 High Street,28801,252-330-4229
2127,Zayn Sutton,79715 Walnut Street,35203,305-254-6025
2128,Marley Bishop,48691 Lakeview Drive,70112,337-215-9603
2129,Aspen Holt,95723 Harrison Street,30002,762-760-9530
2130,Stevie Mack,74831 Terrace Avenue,71101,318-338-3374
2131,Remi Chung,40626 College Avenue,27514,704-307-4000
2132,Eleanor Nixon,21960 Vineyard Drive,29020,843-113-2976
2133,Sawyer Travis,28029 School Street,36602,334-363-3972
2134,Aubree Calhoun,22348 University Avenue,27514,252-590-8024
2135,Collin Frank,50197 Sunset Avenue,70112,504-503-3201
2136,Kira Cabrera,95465 Vineyard Drive,30303,678-527-8027
2137,Alayna Reynolds,42035 Center Street,29201,704-449-3485
2138,Luis Thornton,79775 Lakeview Avenue,29601,864-970-2343
2139,Sabrina Willis,39681 Spring Street,35203,352-957-2601
2140,Jasper Crosby,47003 Jefferson Street,35203,407-332-2793
2141,Aubrey Marsh,47836 Main Avenue,34994,407-101-8664
2142,Charlotte Whitaker,75773 Railroad Avenue,29201,704-830-6764
2143,Abel Raymond,98432 Mulberry Street,70433,504-870-9737
2144,Everett Arias,79504 Smith Street,29601,843-698-7334
2145,Esme Morrison,10399 Elmwood Avenue,30002,404-399-2049
2146,Delaney Jefferson,77610 Terrace Avenue,30303,470-219-1261
2147,Callan Ellis,32954 Main Avenue,28202,336-987-2732
2148,Griffin Kirby,48617 Lakeview Drive,35005,205-787-9018
2149,Danielle Burns,78575 Lakeview Drive,30303,706-762-2637
2150,Kashton West,92715 Cherry Lane,33701,386-792-1645
2151,Poppy Mueller,79657 Glenwood Avenue,71101,337-263-8604
2152,Cody Mann,55008 Elmwood Drive,70112,337-944-8614
2153,Emiliano Simmons,72144 Lake Street,36602,334-662-3834
2154,Joy Bennett,47583 Glenwood Avenue,29020,803-348-5253
2155,Millie Saunders,52727 Mulberry Street,32003,386-414-6797
2156,Warren Duffy,53827 Park Street,36602,251-142-1717
2157,Spencer Davila,41621 Spring Street,36602,256-698-1211
2158,Tristan Cooper,30635 College Avenue,70802,225-521-5102
2159,Sawyer Barrett,65707 Ridge Street,30002,478-561-9701
2160,Mckenzie Drake,93239 Chestnut Lane,70112,337-646-3689
2161,Ryker Crawford,92169 Pennsylvania Avenue,31401,762-901-5513
2162,Frances Khan,7264 Lakeview Avenue,34221,386-944-7842
2163,Armani Greer,10721 Park Place,27514,252-478-2584
2164,Aylin Caldwell,85383 Oak Street,29020,843-470-4578
2165,Dax Fernandez,53936 Lake Shore Drive,33701,407-465-4243
2166,Catherine Brown,12159 Glenwood Avenue,30303,478-292-2264
2167,Beckett Maldonado,8491 Orchard Avenue,29020,843-303-2625
2168,Muhammad Greene,8019 Chestnut Avenue,70802,337-701-9708
2169,Angelina Hampton,32896 Pine Street,31908,404-997-1783
2170,Ivan Mckenzie,66956 Main Avenue,33160,407-517-1214
2171,Carmen Muñoz,83378 Fourth Street,70802,318-290-1569
2172,Myles Cantrell,66491 Railroad Avenue,29401,854-991-3122
2173,Blake Curtis,30665 Ridge Street,29401,854-121-4061
2174,Cole Molina,89599 Church Street,70112,318-103-8819
2175,Kenneth Hughes,40412 Holly Street,71101,337-494-7911
2176,Fatima Weiss,23321 Second Street,28801,704-259-1685
2177,Maddox Dean,3978 College Avenue,34221,561-270-6550
2178,Joshua Gutierrez,25419 Center Street,31401,770-921-5878
2179,Andy Briggs,7822 Pinecrest Drive,35203,561-375-9865
2180,Connor Pierce,90782 Glenwood Avenue,35005,256-225-8951
2181,Evangeline Boyd,75268 Highland Drive,31401,770-383-1221
2182,Aubrey Arellano,50859 West Street,70112,318-154-2342
2183,Gabriella Moses,85656 Hillcrest Avenue,70112,504-239-8410
2184,Wyatt Luna,92454 Meadow Lane,36602,251-402-6741
2185,Camille Clayton,65980 Third Street,71101,337-411-2526
2186,Connor Esparza,34109 Second Street,29910,854-474-9921
2187,Garrett Cordova,78434 Highland Avenue,35005,251-266-5682
2188,Erick Duncan,58941 Lake Street,29910,854-437-6926
2189,Tobias Kirk,7778 Jackson Street,36602,251-458-3648
2190,Colin Floyd,78354 Pine Street,35203,407-757-8760
2191,Eliza Rojas,78314 Chestnut Street,29020,864-799-8967
2192,Elise Singh,96273 Washington Street,27514,252-785-7026
2193,Allison Best,16541 River Road,32003,727-222-3747
2194,Manuel Ferguson,44219 Valley View Drive,70802,225-292-9484
2195,Rosie Sanford,40816 Franklin Street,35203,334-933-8910
2196,Finley Dunn,66085 Sunset Boulevard,30303,478-824-8809
2197,Aurora Kelley,39435 Cherry Lane,34994,727-756-2319
2198,Dominic Livingston,30805 Grant Street,31401,770-802-7098
2199,Kevin Bailey,15132 Ridge Road,29601,843-781-5135
2200,Karson Gardner,66628 Vineyard Drive,39828,762-340-6901
2201,Winter Frost,98644 Broadway,29020,854-873-4616
2202,Vivian Palacios,62807 Highland Drive,31901,706-115-7152
2203,Kyle Melton,7960 Elmwood Avenue,31901,762-268-6952
2204,Kate Suarez,19677 Main Street,36104,938-935-2522
2205,Ezra Merritt,57865 Park Street,28801,704-484-1065
2206,River Hodge,77666 Sunset Drive,35203,352-306-5880
2207,Lennox Clay,49976 Ash Street,35203,407-648-3449
2208,Uriel Knapp,95355 North Street,35203,754-410-9607
2209,Stella Sexton,28089 River Road,28202,336-630-4108
2210,Sebastian Luna,77224 Grant Street,36602,205-107-3912
2211,Sarai Kirby,61890 Smith Street,71101,225-683-3688
2212,Aaliyah Daugherty,77797 Windsor Avenue,35203,256-722-2525
2213,King Armstrong,37417 Jefferson Street,36602,205-525-7779
2214,Jordan Frost,73106 Sunset Avenue,70802,318-645-9108
2215,Angelo Rhodes,52978 Magnolia Avenue,31908,678-604-9834
2216,Ruth Lucas,34578 Pleasant Street,34221,352-295-9874
2217,Zayne Rice,24010 Main Avenue,28801,252-716-5451
2218,Miracle Zuniga,44213 Hamilton Street,34221,321-605-6217
2219,Blair Clements,67358 Terrace Avenue,36602,938-561-5776
2220,Natalie Butler,75777 Elm Street,29601,803-455-8424
2221,Elian Patel,80308 Main Avenue,29601,854-600-4543
2222,Sterling Gonzalez,77401 Second Street,29401,864-480-4741
2223,Bentley Holmes,91621 River Road,29020,864-475-1456
2224,Frederick Sims,27674 Smith Street,39828,470-164-6797
2225,Elliot Shields,90581 Central Avenue,30303,706-506-4291
2226,Ezra Green,22750 Fifth Street,29601,843-395-9051
2227,Crew Robbins,68270 River Road,71101,318-125-1831
2228,Willow Salinas,68706 Sixth Street,39828,404-248-4929
2229,Malachi Bond,36199 Fairview Avenue,71101,318-485-3209
2230,Patrick Willis,62176 Cedar Street,70433,337-795-4890
2231,Dallas Compton,72481 Court Street,28801,704-863-4035
